# ga/en	menu#	source	target	title	extra-css
ga	false	{REPOS}/cadhan.com/baile.html	index.html	Cadhan Aonair, LLC	-
en	false	{REPOS}/cadhan.com/baile-en.html	index-en.html	Cadhan Aonair, LLC	-
ga	0	{REPOS}/gaelspell/index.html	gaelspell/index.html	GaelSpell: Baile	-
en	0	{REPOS}/gaelspell/index-en.html	gaelspell/index-en.html	GaelSpell: Home	-
ga	0	{REPOS}/gaelspell/sios.html	gaelspell/sios.html	GaelSpell: Íoslódáil	-
en	0	{REPOS}/gaelspell/sios-en.html	gaelspell/sios-en.html	GaelSpell: Download	-
ga	0	{REPOS}/gaelspell/cuidiu.html	gaelspell/cuidiu.html	GaelSpell: Rannpháirtíocht	-
en	0	{REPOS}/gaelspell/cuidiu-en.html	gaelspell/cuidiu-en.html	GaelSpell: Contributing	-
ga	0	{REPOS}/gaelspell/sonrai.html	gaelspell/sonrai.html	GaelSpell: Stair	-
en	0	{REPOS}/gaelspell/sonrai-en.html	gaelspell/sonrai-en.html	GaelSpell: History	-
ga	1	{REPOS}/gramadoir/index.html	gramadoir/index.html	An Gramadóir: Baile	-
en	1	{REPOS}/gramadoir/index.html	gramadoir/index-en.html	An Gramadóir: Home	-
ga	1	{REPOS}/gramadoir/foirm.html	gramadoir/foirm.html	An Gramadóir: Comhéadan	gramadoir/gramadoir.css
en	1	{REPOS}/gramadoir/form.html	gramadoir/foirm-en.html	An Gramadóir: Web Interface	gramadoir/gramadoir.css
ga	1	{REPOS}/gramadoir/sios.html	gramadoir/sios.html	An Gramadóir: Íoslódáil	-
en	1	{REPOS}/gramadoir/sios.html	gramadoir/sios-en.html	An Gramadóir: Download	-
ga	1	{REPOS}/gramadoir/cuidiu.html	gramadoir/cuidiu.html	An Gramadóir: Rannpháirtíocht	-
en	1	{REPOS}/gramadoir/cuidiu.html	gramadoir/cuidiu-en.html	An Gramadóir: Contributing	-
ga	1	{REPOS}/gramadoir/stair.html	gramadoir/stair.html	An Gramadóir: Stair	-
en	1	{REPOS}/gramadoir/stair.html	gramadoir/stair-en.html	An Gramadóir: History	-
ga	1	{REPOS}/gramadoir/sampla.html	gramadoir/sampla.html	An Gramadóir: Samplaí	gramadoir/gramadoir.css
en	1	{REPOS}/gramadoir/sampla.html	gramadoir/sampla-en.html	An Gramadóir: Sampler	gramadoir/gramadoir.css
ga	1	{REPOS}/gramadoir/bugs.html	gramadoir/bugs.html	An Gramadóir: Fabhtanna	gramadoir/gramadoir.css
en	1	{REPOS}/gramadoir/bugs.html	gramadoir/bugs-en.html	An Gramadóir: Bugs	gramadoir/gramadoir.css
ga	2	{REPOS}/wordnet-gaeilge/index.html	lsg/index.html	LSG: Baile	-
en	2	{REPOS}/wordnet-gaeilge/index-en.html	lsg/index-en.html	LSG: Home	-
ga	2	{REPOS}/wordnet-gaeilge/details.html	lsg/details.html	LSG: Mionsonraí	-
en	2	{REPOS}/wordnet-gaeilge/details-en.html	lsg/details-en.html	LSG: Details	-
ga	2	{REPOS}/wordnet-gaeilge/thanks.html	lsg/thanks.html	LSG: Buíochas	-
en	2	{REPOS}/wordnet-gaeilge/thanks-en.html	lsg/thanks-en.html	LSG: Thanks	-
# 3 = Caighdeánaitheoir
ga	4	{GAEILGE}/crubadan/twitter/intergaelic/gd2ga.html	gd2ga/index.html	Tweetanna i nGaeilge na hAlban	gd2ga/tweet.css
en	4	{GAEILGE}/crubadan/twitter/intergaelic/gd2ga.html	gd2ga/index-en.html	Gàidhlig Twitter Stream	gd2ga/tweet.css
ga	5	{GAEILGE}/crubadan/twitter/intergaelic/gv2ga.html	gv2ga/index.html	Tweetanna i Manainnis	gv2ga/tweet.css
en	5	{GAEILGE}/crubadan/twitter/intergaelic/gv2ga.html	gv2ga/index-en.html	Manx Twitter Stream	gv2ga/tweet.css
ga	6	{GAEILGE}/treocht/index.html	treochtai/index.html	Treochtaí Gaeilge	treochtai/treochtai.css
en	6	{GAEILGE}/treocht/index.html	treochtai/index-en.html	Treochtaí Gaeilge	treochtai/treochtai.css
ga	7	{REPOS}/droichead/brollach.html	droichead/index.html	Droichead DIL: Brollach	droichead/droichead.css
en	7	{REPOS}/droichead/brollach-en.html	droichead/index-en.html	DIL Bridge: Preface	droichead/droichead.css
ga	7	{REPOS}/droichead/dist/A.html	droichead/A.html	Droichead DIL: A	droichead/droichead.css
en	7	{REPOS}/droichead/dist/A.html	droichead/A-en.html	DIL Bridge: A	droichead/droichead.css
ga	7	{REPOS}/droichead/dist/B.html	droichead/B.html	Droichead DIL: B	droichead/droichead.css
en	7	{REPOS}/droichead/dist/B.html	droichead/B-en.html	Droichead DIL: B	droichead/droichead.css
ga	7	{REPOS}/droichead/dist/C.html	droichead/C.html	Droichead DIL: C	droichead/droichead.css
en	7	{REPOS}/droichead/dist/C.html	droichead/C-en.html	Droichead DIL: C	droichead/droichead.css
ga	7	{REPOS}/droichead/dist/D.html	droichead/D.html	Droichead DIL: D	droichead/droichead.css
en	7	{REPOS}/droichead/dist/D.html	droichead/D-en.html	Droichead DIL: D	droichead/droichead.css
ga	7	{REPOS}/droichead/dist/E.html	droichead/E.html	Droichead DIL: E	droichead/droichead.css
en	7	{REPOS}/droichead/dist/E.html	droichead/E-en.html	Droichead DIL: E	droichead/droichead.css
ga	7	{REPOS}/droichead/dist/F.html	droichead/F.html	Droichead DIL: F	droichead/droichead.css
en	7	{REPOS}/droichead/dist/F.html	droichead/F-en.html	Droichead DIL: F	droichead/droichead.css
ga	7	{REPOS}/droichead/dist/G.html	droichead/G.html	Droichead DIL: G	droichead/droichead.css
en	7	{REPOS}/droichead/dist/G.html	droichead/G-en.html	Droichead DIL: G	droichead/droichead.css
ga	7	{REPOS}/droichead/dist/H.html	droichead/H.html	Droichead DIL: H	droichead/droichead.css
en	7	{REPOS}/droichead/dist/H.html	droichead/H-en.html	Droichead DIL: H	droichead/droichead.css
ga	7	{REPOS}/droichead/dist/I.html	droichead/I.html	Droichead DIL: I	droichead/droichead.css
en	7	{REPOS}/droichead/dist/I.html	droichead/I-en.html	Droichead DIL: I	droichead/droichead.css
ga	7	{REPOS}/droichead/dist/L.html	droichead/L.html	Droichead DIL: L	droichead/droichead.css
en	7	{REPOS}/droichead/dist/L.html	droichead/L-en.html	Droichead DIL: L	droichead/droichead.css
ga	7	{REPOS}/droichead/dist/M.html	droichead/M.html	Droichead DIL: M	droichead/droichead.css
en	7	{REPOS}/droichead/dist/M.html	droichead/M-en.html	Droichead DIL: M	droichead/droichead.css
ga	7	{REPOS}/droichead/dist/N.html	droichead/N.html	Droichead DIL: N	droichead/droichead.css
en	7	{REPOS}/droichead/dist/N.html	droichead/N-en.html	Droichead DIL: N	droichead/droichead.css
ga	7	{REPOS}/droichead/dist/O.html	droichead/O.html	Droichead DIL: O	droichead/droichead.css
en	7	{REPOS}/droichead/dist/O.html	droichead/O-en.html	Droichead DIL: O	droichead/droichead.css
ga	7	{REPOS}/droichead/dist/P.html	droichead/P.html	Droichead DIL: P	droichead/droichead.css
en	7	{REPOS}/droichead/dist/P.html	droichead/P-en.html	Droichead DIL: P	droichead/droichead.css
ga	7	{REPOS}/droichead/dist/R.html	droichead/R.html	Droichead DIL: R	droichead/droichead.css
en	7	{REPOS}/droichead/dist/R.html	droichead/R-en.html	Droichead DIL: R	droichead/droichead.css
ga	7	{REPOS}/droichead/dist/S.html	droichead/S.html	Droichead DIL: S	droichead/droichead.css
en	7	{REPOS}/droichead/dist/S.html	droichead/S-en.html	Droichead DIL: S	droichead/droichead.css
ga	7	{REPOS}/droichead/dist/T.html	droichead/T.html	Droichead DIL: T	droichead/droichead.css
en	7	{REPOS}/droichead/dist/T.html	droichead/T-en.html	Droichead DIL: T	droichead/droichead.css
ga	7	{REPOS}/droichead/dist/U.html	droichead/U.html	Droichead DIL: U	droichead/droichead.css
en	7	{REPOS}/droichead/dist/U.html	droichead/U-en.html	Droichead DIL: U	droichead/droichead.css
ga	7	{REPOS}/droichead/dist/V.html	droichead/V.html	Droichead DIL: V	droichead/droichead.css
en	7	{REPOS}/droichead/dist/V.html	droichead/V-en.html	Droichead DIL: V	droichead/droichead.css
# 8 Twitter
ga	9	{GAEILGE}/cuisle/index.html	cuisle/index.html	Cuisle: “Iris Don Aois Nua”	cuisle/cuisle.css
en	9	{GAEILGE}/cuisle/index-en.html	cuisle/index-en.html	Cuisle: “Iris Don Aois Nua”	cuisle/cuisle.css
ga	9	{GAEILGE}/gaelsceal/index.html	gaelsceal/index.html	Gaelscéal: “Ag Cothú Phobal na Gaeilge”	cuisle/cuisle.css
en	9	{GAEILGE}/gaelsceal/index-en.html	gaelsceal/index-en.html	Gaelscéal: “Ag Cothú Phobal na Gaeilge”	cuisle/cuisle.css
ga	9	{GAEILGE}/gaelsceal/2010-ga.html	gaelsceal/2010/index.html	Gaelscéal 2010	cuisle/cuisle.css
en	9	{GAEILGE}/gaelsceal/2010-en.html	gaelsceal/2010/index-en.html	Gaelscéal 2010	cuisle/cuisle.css
ga	9	{GAEILGE}/gaelsceal/2011-ga.html	gaelsceal/2011/index.html	Gaelscéal 2011	cuisle/cuisle.css
en	9	{GAEILGE}/gaelsceal/2011-en.html	gaelsceal/2011/index-en.html	Gaelscéal 2011	cuisle/cuisle.css
ga	9	{GAEILGE}/gaelsceal/2012-ga.html	gaelsceal/2012/index.html	Gaelscéal 2012	cuisle/cuisle.css
en	9	{GAEILGE}/gaelsceal/2012-en.html	gaelsceal/2012/index-en.html	Gaelscéal 2012	cuisle/cuisle.css
ga	9	{GAEILGE}/gaelsceal/2013-ga.html	gaelsceal/2013/index.html	Gaelscéal 2013	cuisle/cuisle.css
en	9	{GAEILGE}/gaelsceal/2013-en.html	gaelsceal/2013/index-en.html	Gaelscéal 2013	cuisle/cuisle.css
ga	10	{REPOS}/fleiscin/index.html	fleiscin/index.html	Fleiscíniú: Baile	-
en	10	{REPOS}/fleiscin/index-en.html	fleiscin/index-en.html	Fleiscíniú: Home	-
ga	10	{REPOS}/fleiscin/usaid.html	fleiscin/usaid.html	Fleiscíniú: Íoslódáil agus Úsáid	-
en	10	{REPOS}/fleiscin/usaid-en.html	fleiscin/usaid-en.html	Fleiscíniú: Download and Usage	-
ga	10	{REPOS}/fleiscin/sonrai.html	fleiscin/sonrai.html	Fleiscíniú: Mionsonraí	-
en	10	{REPOS}/fleiscin/sonrai-en.html	fleiscin/sonrai-en.html	Fleiscíniú: Details	-
ga	10	{REPOS}/fleiscin/tastail.html	fleiscin/tastail.html	Fleiscíniú: Taispeántas	fleiscin/tastail.css
en	10	{REPOS}/fleiscin/tastail.html	fleiscin/tastail-en.html	Fleiscíniú: Demo	fleiscin/tastail.css
ga	10	{REPOS}/fleiscin/mile.html	fleiscin/mile.html	Fleiscíniú: Barr 1000	-
en	10	{REPOS}/fleiscin/mile-en.html	fleiscin/mile-en.html	Fleiscíniú: Top 1000	-
# 11 Ríomhacadamh
# 12 Chuala.me
ga	13	{GAEILGE}/accentuate/baile.html	accentuate/index.html	Accentuate.us: Baile	-
en	13	{GAEILGE}/accentuate/baile-en.html	accentuate/index-en.html	Accentuate.us: Home	-
ga	13	{GAEILGE}/apianna/accentuate/client.html	accentuate/foirm.html	Accentuate.us: Comhéadan	gramadoir/gramadoir.css
en	13	{GAEILGE}/apianna/accentuate/client-en.html	accentuate/foirm-en.html	Accentuate.us: Web Interface	gramadoir/gramadoir.css
# 14 == Acmhainní Eile
ga	14	{REPOS}/aimsigh/eolas-nua.html	aimsigh/index.html	Aimsigh.com: Eolas	-
en	14	{REPOS}/aimsigh/eolas-nua.html	aimsigh/index-en.html	Aimsigh.com: About	-
ga	14	{GAEILGE}/amhran/index.html	amhran/index.html	Amhrán an Ghréasáin	amhran/amhran.css
en	14	{GAEILGE}/amhran/index.html	amhran/index-en.html	Amhrán an Ghréasáin	amhran/amhran.css
ga	14	{GAEILGE}/amhran/x1.html	amhran/x1.html	Amhrán an Ghréasáin	amhran/amhran.css
en	14	{GAEILGE}/amhran/x1.html	amhran/x1-en.html	Amhrán an Ghréasáin	amhran/amhran.css
ga	14	{GAEILGE}/amhran/x2.html	amhran/x2.html	Amhrán an Ghréasáin	amhran/amhran.css
en	14	{GAEILGE}/amhran/x2.html	amhran/x2-en.html	Amhrán an Ghréasáin	amhran/amhran.css
ga	14	{GAEILGE}/amhran/x3.html	amhran/x3.html	Amhrán an Ghréasáin	amhran/amhran.css
en	14	{GAEILGE}/amhran/x3.html	amhran/x3-en.html	Amhrán an Ghréasáin	amhran/amhran.css
ga	14	{GAEILGE}/amhran/x4.html	amhran/x4.html	Amhrán an Ghréasáin	amhran/amhran.css
en	14	{GAEILGE}/amhran/x4.html	amhran/x4-en.html	Amhrán an Ghréasáin	amhran/amhran.css
ga	14	{GAEILGE}/amhran/x5.html	amhran/x5.html	Amhrán an Ghréasáin	amhran/amhran.css
en	14	{GAEILGE}/amhran/x5.html	amhran/x5-en.html	Amhrán an Ghréasáin	amhran/amhran.css
ga	14	{GAEILGE}/amhran/x6.html	amhran/x6.html	Amhrán an Ghréasáin	amhran/amhran.css
en	14	{GAEILGE}/amhran/x6.html	amhran/x6-en.html	Amhrán an Ghréasáin	amhran/amhran.css
ga	14	{GAEILGE}/amhran/x7.html	amhran/x7.html	Amhrán an Ghréasáin	amhran/amhran.css
en	14	{GAEILGE}/amhran/x7.html	amhran/x7-en.html	Amhrán an Ghréasáin	amhran/amhran.css
ga	14	{GAEILGE}/amhran/x8.html	amhran/x8.html	Amhrán an Ghréasáin	amhran/amhran.css
en	14	{GAEILGE}/amhran/x8.html	amhran/x8-en.html	Amhrán an Ghréasáin	amhran/amhran.css
ga	14	{GAEILGE}/amhran/x9.html	amhran/x9.html	Amhrán an Ghréasáin	amhran/amhran.css
en	14	{GAEILGE}/amhran/x9.html	amhran/x9-en.html	Amhrán an Ghréasáin	amhran/amhran.css
